{
  "pr_auc": 0.9985899396916177,
  "roc_auc": 0.9996717734484785,
  "precision": 0.950667440510737,
  "recall": 0.996956786366403,
  "f1": 0.9732620320855615,
  "recall_at_p": 0.996956786366403,
  "min_precision": 0.95,
  "threshold": 0.5167164735417252
}